来源,词语,频次
情书,亲爱,1
情书,小强,3
情书,今天,8
情书,三个,2
情书,问题,4
情书,思考,1
情书,我们,6
情书,关系,5
情书,该是,1
情书,如何,2
情书,或许,1
情书,之前,2
情书,讲起,1
情书,很多年,1
情书,认识,1
情书,自己,11
情书,时候,5
情书,有时,1
情书,不敢,1
情书,认同,1
情书,毕竟,3
情书,小圈子,1
情书,高中,1
情书,暗中,1
情书,喜欢,7
情书,Straight,1
情书,但是,15
情书,最终,2
情书,肯定,6
情书,就是,7
情书,无疾而终,1
情书,比较,2
情书,女生,1
情书,或者说,1
情书,她们,2
情书,不是,3
情书,同时,1
情书,希望,6
情书,跟我走,1
情书,一起,4
情书,情况,1
情书,摆在,1
情书,那边,1
情书,最后,2
情书,难免,1
情书,伤心,2
情书,读博,1
情书,曾经,3
情书,当时,1
情书,好像,1
情书,有名,1
情书,一个,4
情书,论坛,1
情书,具体,2
情书,记不清,2
情书,名字,1
情书,看过,2
情书,一些,4
情书,信息,1
情书,然后,5
情书,只见,1
情书,网友,1
情书,学校,1
情书,三级,1
情书,两次,2
情书,什么,5
情书,没有,7
情书,发生,1
情书,中间,1
情书,省略,1
情书,总的来说,1
情书,压力,4
情书,走到,1
情书,现在,2
情书,去年,2
情书,一段,1
情书,赘述,1
情书,总之,1
情书,心中,1
情书,埋下,1
情书,难以,2
情书,拔除,1
情书,种子,1
情书,一再,1
情书,警告,2
情书,不能,4
情书,想太多,1
情书,知道,4
情书,是不是,1
情书,命运,1
情书,眷顾,1
情书,还是,6
情书,折磨,1
情书,思念,2
情书,一直,4
情书,无法,3
情书,回避,1
情书,甚至,1
情书,割舍,1
情书,大话西游,2
情书,一句,1
情书,相逢恨晚,1
情书,造物,1
情书,真的,9
情书,无法自拔,1
情书,改天,1
情书,可以,3
情书,看看,2
情书,大学,1
情书,期间,2
情书,30,1
情书,多遍,1
情书,年底,1
情书,最大,1
情书,方面,1
情书,工作,2
情书,生活,1
情书,一系列,1
情书,过来,1
情书,每次,1
情书,看到,1
情书,轻松,1
情书,很多,1
情书,心底,2
情书,印象,1
情书,今年年初,1
情书,寒假,1
情书,一次,5
情书,大组,1
情书,咱俩,1
情书,单独,2
情书,那次,1
情书,我鼓,1
情书,无数次,2
情书,勇气,2
情书,没能,1
情书,说出,1
情书,的话,1
情书,出租车,1
情书,想拉起,1
情书,今年,2
情书,疫情,1
情书,良乡,1
情书,多见,1
情书,几次,1
情书,想方设法,1
情书,理由,1
情书,呵呵,1
情书,相处,1
情书,挥之不去,1
情书,不想,1
情书,而是,2
情书,繁忙,1
情书,似乎,1
情书,反复,1
情书,煎熬,1
情书,经常,1
情书,想起,1
情书,月份,1
情书,开学,1
情书,可爱,1
情书,小常,2
情书,回来,3
情书,抑制,2
情书,一遍,3
情书,鼓足勇气,1
情书,心理,2
情书,建设,1
情书,终于,1
情书,伸出,1
情书,第一次,1
情书,黑手,1
情书,尴尬,1
情书,害怕,1
情书,基本,1
情书,保不住,1
情书,一段时间,1
情书,抱抱,1
情书,多次,1
情书,提出,1
情书,这个,2
情书,要求,1
情书,脸颊,1
情书,一步,1
情书,万一,2
情书,同意,1
情书,咋办,2
情书,其实,2
情书,出发点,1
情书,一种,1
情书,当然,3
情书,如果,5
情书,之后,4
情书,觉得,3
情书,哪些,1
情书,事情,3
情书,舒服,1
情书,绝不会,1
情书,勉强,1
情书,心路历程,1
情书,回到,1
情书,年纪,1
情书,原话,1
情书,谈谈,1
情书,想法,3
情书,年前,1
情书,放下,1
情书,一切,2
情书,远走高飞,1
情书,我能,1
情书,至少,1
情书,一点,1
情书,不会,1
情书,人生,1
情书,路途,1
情书,总是,1
情书,不同,3
情书,阶段,1
情书,风景,1
情书,旅伴,1
情书,到底,1
情书,应该,2
情书,唯一,1
情书,能够,3
情书,确认,1
情书,接下来,1
情书,三四年,1
情书,安安稳稳,1
情书,度过,1
情书,承诺,1
情书,只许,1
情书,不许,1
情书,我负,1
情书,遇到,1
情书,牵手,1
情书,我会,2
情书,祝福,4
情书,出国,1
情书,学成,1
情书,哪儿,1
情书,支持,1
情书,全力,1
情书,争取,1
情书,十年,1
情书,之约,1
情书,真心,1
情书,四年,1
情书,离校,1
情书,时间,1
情书,月底,1
情书,距离,1
情书,还有,1
情书,1328,1
情书,我家,1
情书,每天,1
情书,开开心心,1
情书,回复,1
情书,估计,4
情书,已经,2
情书,索性,1
情书,多写,1
情书,关于,2
情书,保密,1
情书,完全,1
情书,地下,1
情书,可能,2
情书,特别,1
情书,极个别,1
情书,朋友,1
情书,比如,1
情书,上海,1
情书,吉布提,1
情书,那个,1
情书,医生,1
情书,因为,1
情书,找到,1
情书,真正,2
情书,动心,1
情书,得到,1
情书,别人,1
情书,个人,1
情书,里面,1
情书,感情,1
情书,过段时间,1
情书,后续,1
情书,尊重,1
情书,选择,1
情书,或者,1
情书,重新,1
情书,coach,1
情书,包包,1
情书,好多天,1
情书,放在,1
情书,购物车,1
情书,别的,1
情书,意思,1
情书,虽然,1
情书,包养,1
情书,只是,1
情书,开玩笑,1
情书,绝对,1
情书,轻薄,1
情书,简单,1
情书,问问,1
情书,是否,1
情书,尽量,1
情书,猜测,1
情书,差距,1
情书,未来,1
情书,碰到,1
情书,一定,1
情书,非常,1
情书,好色,1
情书,流氓,1
情书,有谱,1
情书,计划,2
情书,以后,1
情书,立个,1
情书,flag,1
情书,听听,1
情书,明天,1
情书,睡懒觉,1
情书,早餐,1
情书,八点半,1
情书,送到,1
情书,届时,1
情书,东门,1
情书,哈哈,1
情书,起不来,1
情书,放到,1
情书,四层,1
情书,反正,1
情书,微波炉,1
情书,期待,1
情书,一天,1
情书,会梦到,1
情书,梦里,1
情书,全是,1
后期小作文,马上,1
后期小作文,就要,1
后期小作文,过年,3
后期小作文,很多,16
后期小作文,但是,20
后期小作文,最近,5
后期小作文,情绪,11
后期小作文,估计,4
后期小作文,几天,4
后期小作文,机会,1
后期小作文,能够,5
后期小作文,深入,1
后期小作文,所以,7
后期小作文,写篇,1
后期小作文,作文,1
后期小作文,哈哈,1
后期小作文,距离,1
后期小作文,一次,1
后期小作文,500,4
后期小作文,确实,8
后期小作文,记不得,1
后期小作文,具体,1
后期小作文,日子,1
后期小作文,好像,2
后期小作文,2022,1
后期小作文,十一,1
后期小作文,之后,1
后期小作文,大概,1
后期小作文,算了,1
后期小作文,一下,2
后期小作文,回想,2
后期小作文,过去,1
后期小作文,一年,2
后期小作文,发生,1
后期小作文,事情,14
后期小作文,知道,8
后期小作文,啥时候,1
后期小作文,或者,2
后期小作文,开始,5
后期小作文,刚刚,1
后期小作文,看到,2
后期小作文,朋友圈,10
后期小作文,pad,1
后期小作文,回来,4
后期小作文,一个,5
后期小作文,一段,1
后期小作文,插播,1
后期小作文,后续,1
后期小作文,言归正传,1
后期小作文,先说,1
后期小作文,方面,8
后期小作文,一直,5
后期小作文,有些,8
后期小作文,担心,6
后期小作文,实在话,1
后期小作文,不太,1
后期小作文,一样,1
后期小作文,这种,2
后期小作文,一方面,2
后期小作文,短期,2
后期小作文,另一方面,1
后期小作文,长期,2
后期小作文,觉得,13
后期小作文,环境影响,1
后期小作文,比较,1
后期小作文,从前,1
后期小作文,昨天晚上,1
后期小作文,感觉,5
后期小作文,放心,3
后期小作文,回复,6
后期小作文,信息,2
后期小作文,角度看,1
后期小作文,昨天,1
后期小作文,白天,2
后期小作文,延吉,1
后期小作文,环境,3
后期小作文,回家,1
后期小作文,似乎,5
后期小作文,回到,1
后期小作文,压抑,1
后期小作文,自己,9
后期小作文,带来,1
后期小作文,影响,3
后期小作文,就是,1
后期小作文,继续,2
后期小作文,包裹,1
后期小作文,严严实实,1
后期小作文,外界,1
后期小作文,交流,3
后期小作文,当然,8
后期小作文,这个,5
后期小作文,根据,1
后期小作文,角度,2
后期小作文,猜测,1
后期小作文,毕竟,5
后期小作文,曾经,3
后期小作文,不要,2
后期小作文,太久,1
后期小作文,可能,5
后期小作文,一些,6
后期小作文,家里,1
后期小作文,工作,4
后期小作文,还有,2
后期小作文,其他,1
后期小作文,关于,1
后期小作文,其实,6
后期小作文,只是,2
后期小作文,因为,4
后期小作文,处理,1
后期小作文,对于,1
后期小作文,长远,4
后期小作文,发展,2
后期小作文,以后,2
后期小作文,还是,7
后期小作文,详细,1
后期小作文,目前,3
后期小作文,一定,5
后期小作文,特别,5
后期小作文,适合,2
后期小作文,谈谈,1
后期小作文,亏欠,1
后期小作文,这边,1
后期小作文,情况,3
后期小作文,不能,1
后期小作文,我们,5
后期小作文,关系,1
后期小作文,公开,1
后期小作文,而且,3
后期小作文,没法,1
后期小作文,非常,4
后期小作文,承诺,2
后期小作文,虽然,2
后期小作文,放下,1
后期小作文,一切,1
后期小作文,考虑,3
后期小作文,只能,1
后期小作文,处于,1
后期小作文,这样,3
后期小作文,情形,1
后期小作文,为什么,2
后期小作文,没有,6
后期小作文,安全感,2
后期小作文,原因,2
后期小作文,敦化,1
后期小作文,之前,2
后期小作文,已经,1
后期小作文,那样,1
后期小作文,不用,2
后期小作文,真的,17
后期小作文,好多天,1
后期小作文,消息,4
后期小作文,无法,1
后期小作文,说服,2
后期小作文,记得,1
后期小作文,张惠妹,1
后期小作文,一首歌,1
后期小作文,里面,2
后期小作文,亲爱,1
后期小作文,近况,1
后期小作文,别人,2
后期小作文,不如,1
后期小作文,对我讲,1
后期小作文,后面,1
后期小作文,几句,1
后期小作文,经过,1
后期小作文,那段,1
后期小作文,遗憾,1
后期小作文,变得,1
后期小作文,更加,1
后期小作文,坚强,1
后期小作文,世界,1
后期小作文,不管怎样,1
后期小作文,荒凉,1
后期小作文,爱过,1
后期小作文,不怕,1
后期小作文,孤单,1
后期小作文,最亲,1
后期小作文,怎么样,1
后期小作文,之间,1
后期小作文,状况,1
后期小作文,担忧,1
后期小作文,非常感谢,2
后期小作文,当时,1
后期小作文,到底,1
后期小作文,什么,2
后期小作文,勇气,4
后期小作文,那些,1
后期小作文,实际,1
后期小作文,问题,2
后期小作文,是从,1
后期小作文,接受,1
后期小作文,并且,1
后期小作文,鼓励,1
后期小作文,建议,1
后期小作文,天来,1
后期小作文,过程,1
后期小作文,起起伏伏,1
后期小作文,跌宕,1
后期小作文,既有,1
后期小作文,欢乐,1
后期小作文,激情,1
后期小作文,沮丧,1
后期小作文,低沉,1
后期小作文,一起,3
后期小作文,出去,2
后期小作文,别是,1
后期小作文,上次,1
后期小作文,上海,1
后期小作文,感动,1
后期小作文,感激,1
后期小作文,三个,1
后期小作文,假期,1
后期小作文,以及,1
后期小作文,去年,2
后期小作文,11,1
后期小作文,月份,1
后期小作文,几次,1
后期小作文,跟着,1
后期小作文,变化,1
后期小作文,不过,1
后期小作文,面对,1
后期小作文,前年,1
后期小作文,压力,6
后期小作文,心理压力,1
后期小作文,很大,2
后期小作文,畏惧,1
后期小作文,心理,1
后期小作文,那么,1
后期小作文,重要,2
后期小作文,一点,5
后期小作文,不骗你,1
后期小作文,稳稳,2
后期小作文,下去,2
后期小作文,加强,1
后期小作文,更好,3
后期小作文,未来,3
后期小作文,需要,5
后期小作文,努力,2
后期小作文,经济基础,2
后期小作文,去争,1
后期小作文,刘和项,1
后期小作文,队伍,1
后期小作文,力量,1
后期小作文,总是,1
后期小作文,让你在,1
后期小作文,造成,1
后期小作文,抱歉,2
后期小作文,着想,1
后期小作文,无论是,3
后期小作文,出去玩,1
后期小作文,学习,1
后期小作文,用品,1
后期小作文,希望,2
后期小作文,条件,1
后期小作文,规划,1
后期小作文,有点儿,2
后期小作文,小小的,1
后期小作文,私心,1
后期小作文,经常,1
后期小作文,经历,1
后期小作文,这些,1
后期小作文,不至于,1
后期小作文,描绘,1
后期小作文,信心,1
后期小作文,前面,1
后期小作文,提到,1
后期小作文,无论怎样,1
后期小作文,找到,1
后期小作文,一条,1
后期小作文,路径,2
后期小作文,好好,1
后期小作文,清楚,1
后期小作文,提前,1
后期小作文,学校,1
后期小作文,读博,1
后期小作文,一步,1
后期小作文,研究,1
后期小作文,项目,1
后期小作文,我会,1
后期小作文,可以,1
后期小作文,从长计议,1
后期小作文,十几天,1
后期小作文,联系,1
后期小作文,没回,1
后期小作文,昨天下午,1
后期小作文,仔细,1
后期小作文,昨天夜里,1
后期小作文,今天,1
后期小作文,想通,1
后期小作文,敏感,1
后期小作文,充分,1
后期小作文,相信,2
后期小作文,当面,1
后期小作文,聊聊,1
后期小作文,吃吃饭,1
后期小作文,喝酒,1
后期小作文,界限,3
后期小作文,生活,2
后期小作文,微信,2
后期小作文,严格,1
后期小作文,遵守,2
后期小作文,尽力,1
后期小作文,严格要求,1
后期小作文,尽量,2
后期小作文,克制,1
后期小作文,风头,1
后期小作文,我认,1
后期小作文,认罚,1
后期小作文,忧虑,1
后期小作文,网上,1
后期小作文,多个,1
后期小作文,热点,1
后期小作文,陷入,1
后期小作文,想法,1
后期小作文,只要,2
后期小作文,保持,1
后期小作文,应该,1
后期小作文,方式,7
后期小作文,身体,1
后期小作文,不好,3
后期小作文,心情,2
后期小作文,哪有,1
后期小作文,功夫,1
后期小作文,无病呻吟,1
后期小作文,上纲上线,1
后期小作文,哈哈哈,2
后期小作文,琢磨,1
后期小作文,出来,1
后期小作文,思考,2
后期小作文,差别,1
后期小作文,适应,1
后期小作文,理解,6
后期小作文,麻烦,1
后期小作文,认同,1
后期小作文,他人,1
后期小作文,沟通,3
后期小作文,喜欢,2
后期小作文,发个,1
后期小作文,愿意,1
后期小作文,朋友,1
后期小作文,面对面,1
后期小作文,通过,1
后期小作文,太普通,1
后期小作文,几点,1
后期小作文,误解,1
后期小作文,再说,1
后期小作文,乱发,1
后期小作文,一通,1
后期小作文,生气,1
后期小作文,开心,1
后期小作文,2.14,1
后期小作文,我发,1
后期小作文,怎么办,1
后期小作文,后来,2
后期小作文,从项,1
后期小作文,那里,2
后期小作文,发烧,1
后期小作文,成行,1
后期小作文,从兰,1
后期小作文,得知,1
后期小作文,屏蔽,3
后期小作文,胡思乱想,1
后期小作文,一是,1
后期小作文,留言,1
后期小作文,不想,1
后期小作文,社交,1
后期小作文,媒体,1
后期小作文,关联,1
后期小作文,二是,1
后期小作文,反正,1
后期小作文,屏蔽着,1
后期小作文,索性,1
后期小作文,思维,1
